vol,cid,cite,abbrev,already_resolved,is_self_ref,author_name,work_title,context_before
1,ch004,Epist. ad Phil,epist,True,False,,,"""ο͂υτος εστιν ηε προς τον Πατερα αγουσα ηοσος, ηε πετρα, ηε κλεις, ηε ποιμεν"", etc, saith Ignatius:"
1,ch004,Tract. 1,tract,True,False,Origen of Alexandria,,"unto this testimony. And Origen expressly denies the words to be spoken of Peter, in Matthew 16:16 ("
1,ch004,lib. 1 cap. 3,lib,True,False,Eusebius of Caesarea,Preparation for the Gospel,"he spake and was spoken unto in the name of all the rest of the apostles. Euseb. Preparat. Evang.,"
1,ch004,lib. 2,lib,True,False,Hilary of Poitiers,On the Trinity,"aec est felix fidei Petra, Petri ore confessa, Tu es filius Dei vivi,</span>"" says Hilary de Trin.,"
1,ch004,Serm. 13,serm,True,False,,,"lium Dei vivi, aedificabo ecclesiam meam. Super me aedificabo te, non me super te:"" De Verbis Dom.,"
1,ch004,Tract. 124,tract,True,False,,,"urch I will build thee upon myself, and not myself on thee."" And he more fully declareth his mind: ("
1,ch004,Orat. 5,orat,True,False,Athanasius of Alexandria,,"ion, or if they did, wherein that difference lay. Athanasius at first affirmed them to be the same:"
1,ch004,Epist. ad Afric,epist,True,False,Athanasius of Alexandria,,"ein that difference lay. Athanasius at first affirmed them to be the same: Orat. 5 con. Arian., and"
1,ch004,Epist. 78,epist,True,False,Basil of Caesarea,Letters,"n. Basil denied them so to be, or that they were used unto the same purpose in the Council of Nice:"
1,ch004,Epist. 71,epist,True,False,,,"red of him in the East to confess ""tres hypostases,"" and he would only acknowledge ""tree personas:"""
1,ch004,"lib. 5 cap. 8, 9",lib,True,False,Augustine of Hippo,,"ge ""tree personas:"" Epist. 71. And Augustine gives an account of the same difference: De Trinitate,"
1,ch004,Epist. ad Succ,epist,True,False,,,"and humanity had ""μίαν φύσιν""<span lang=""la"" xml:lang=""la"">, one nature only. So he does plainly in"
1,ch004,lib. 4,lib,True,False,Lactantius,Divine Institutes,"lves to be wise unto sobriety, repressed this impious boldness. To this purpose speaks Lactantius: ("
1,ch004,lib. 5 cap. 2,lib,True,False,Eusebius of Caesarea,,"blind they are in the light.""  To the same purpose. speaks Eusebius at large: Demonstratio Evang.,"
1,ch004,Serm. 9,serm,True,False,Leo the Great,Sermons,"5 cap. 2.  Leo well adds hereunto the consideration of his incarnation, in these excellent words: ("
1,ch004,lib. 2,lib,True,False,Fulgentius of Ruspe,Ad Thrasimundum (To King Thrasimund),"t, in rebus divinis, etiamsi multum proficiat, semper sibi superesse quod quaerat"". See also Fulg.,"
1,ch004,Orat. 12,orat,True,False,Gregory of Nazianzus,,"ἀναφὴς ψηλαφᾶται, ὁ ἄχρονος ἄρχεται, ὁ υἱὸς Θεοῦ ὑιὸς ἀνθρώπου γίνεται"", saith Gregory Nazianzen, ("
1,ch004,lib. 4 cap. 5,lib,True,False,Eusebius of Caesarea,,"ear approaches whereof we are not able to bear. So is it illustrated by Eusebius: (Demonst. Evang.,"
1,ch004,Serm. 3,serm,True,False,Leo the Great,Sermons,"mmunicated unto us, in a way suited unto our reception and comprehension. So it is admired by Leo: ("
1,ch004,Epist. ad Hormi,epist,True,False,Augustine of Hippo,Eighty-Three Questions,"ual unto the Father."" See also Augustinus De Fide, ad Peter Diacon., cap. 17; Justitianus Imperator"
1,ch004,lib. 4 cap. 2,lib,True,False,Eusebius of Caesarea,,"nto them that believe.  Eusebius also speaks often unto this purpose, as: (Demonstratio Evangelica,"
1,ch004,lib. 2 cap. 17,lib,True,False,,,"o us. See the same book, chap. 7, to the same purpose; also, De Ecclesiast. Theol. contra Marcell.,"
1,ch004,lib. 4,lib,True,False,,,"o him"".  This is the great end of his being the representative image of God unto us And: (Stromat.,"
1,ch004,lib. 1 cap. 1,lib,True,False,Irenaeus of Lyon,Against Heresies,"is given in his prophetical office. So it is well expressed by Irenaeus, ""qui nil molitur inepte:"""
1,ch004,lib. 5 cap. 9,lib,True,False,Theodoret of Cyrrhus,Ecclesiastical History,"General Council in their letters unto the bishops of the west; as they are expressed in Theodoret,"
1,ch004,lib. 1 cap. 14,lib,True,False,Ambrose of Milan,,"on nominibus, erog non aliud nomen Patris est, ""etc., ""quia unus Deus:"" Ambrose, De Spirit. Sanct.,"
1,ch004,Orat. 40,orat,True,False,Gregory of Nazianzus,,"ινὸν τῶν τριῶν ἕν, ἡ θεότης"". — ""The one name common to the three is the Deity:"" Gregor. Nazianzen,"
1,ch004,Epist. 66,epist,True,False,Augustine of Hippo,Sermons,"ed, and each person participant of the same nature. See August. Lib. con. Serm. Arian, cap. 35, and"
1,ch004,lib. 3,lib,True,False,,,"ontended that he should have been incarnate, had man never fallen or sinned. Of these are Rupertus,"
1,ch004,lib. 3 cap. 4,lib,True,False,,,"b. 3, De Gloria et Honore Filii Hominis; Albertus Magnus, in 3 distinct. 10, a 4; Petrus Galatinus,"
1,ch004,"lib. 3, cap. 20, 21",lib,True,False,Irenaeus of Lyon,Against Heresies,"the incarnation of the eternal Word, and the condecencies unto divine wisdom therein. See Irenaeus,"
1,ch004,lib. 4 cap. 1-4,lib,True,False,Eusebius of Caesarea,,"cencies unto divine wisdom therein. See Irenaeus, lib. 3, cap. 20, 21; Eusebius, Demonst. Evangel.,"
1,ch004,"lib. 5 cap. 6, li",lib,True,False,Cyril of Alexandria,,"Irenaeus, lib. 3, cap. 20, 21; Eusebius, Demonst. Evangel., lib. 4 cap. 1-4, etc.; Cyril. Alexand.,"
1,ch004,Homil. 10,homil,True,False,John Chrysostom,,"gel., lib. 4 cap. 1-4, etc.; Cyril. Alexand., lib. 5 cap. 6, lib. 1. De Fide ad Regin.; Chrysostom,"
1,ch004,Serm. 18,serm,True,False,John Chrysostom,,"lib. 5 cap. 6, lib. 1. De Fide ad Regin.; Chrysostom, Homil. 10 in Johan., et in cap. 8, ad Romans"
1,ch004,lib. 13 cap. 13-20,lib,True,False,Augustine of Hippo,,"d Regin.; Chrysostom, Homil. 10 in Johan., et in cap. 8, ad Romans Serm. 18; Augustine, De Trinit.,"
1,ch004,"Epist. 13, 18",epist,True,False,Leo the Great,Sermons,"il. 10 in Johan., et in cap. 8, ad Romans Serm. 18; Augustine, De Trinit., lib. 13 cap. 13-20; Leo,"
1,ch004,lib. 1,lib,True,False,Basil of Caesarea,Letters,"lib. 13 cap. 13-20; Leo, Epist. 13, 18, Sermo. De Nativit. 1, 4, 10; Basil., in Psalm 48; Albinus,"
1,ch004,lib. 3,lib,True,False,John of Damascus,,"18, Sermo. De Nativit. 1, 4, 10; Basil., in Psalm 48; Albinus, lib. 1 in Johan. Cap. 11; Damascen.,"
1,ch004,lib. 3 cap. 20,lib,True,False,,,"had prevailed against, by his suggestion and temptation. To this purpose that holy writer speaks, ("
1,ch004,Dial. 2,dial,True,False,,,"purpose that holy writer speaks, (lib. 3 cap. 20,) which, because his words are cited by Theodore, ("
1,ch004,lib. 5 cap. 1,lib,True,False,,,"ing of the wisdom of God in our redemption by Christ, with respect unto the conquest of the devil: ("
1,ch004,lib. 5 cap. 14,lib,True,False,,,are at large discoursed in the ensuing treatise. To the same purpose speaks the same holy writer: (
1,ch004,lib. 5 cap. 1,lib,True,False,,,"ris plasmationem in se recapitulans, exquirens id quod perierat</span>"".  And to the same purpose: ("
1,ch004,lib. 5,lib,True,False,Irenaeus of Lyon,Against Heresies,"to us, that we might be made like unto him, and unto God through him. So speaks the same Irenaeus: ("
1,ch004,lib. 3 cap. 20,lib,True,False,,,"at he might make us what he is;"" that is, by the restoration of the image of God in us. And again: ("
1,ch004,Epist. 66,epist,True,False,,,"excitet animam tuam, hoc amore furibundus; quaere in lectulo tuo, quem desiderat anima tue:</span>"""
1,ch022,lib. 1 cap. 10,lib,True,False,,,"<span lang=""la"" xml:lang=""la"">Homo potius est in filio Dei, quam filius in Patre;</span>"" De Trin.,"
1,ch036,lib. 3 cap. 3,lib,True,False,Faustus Socinus,,"reatest distance from them all as it is possible for one man to be from another, Socin. de Servant."
2,ch039,lib. vii,lib,True,False,Eusebius of Caesarea,Ecclesiastical History,"a while to cloud his impious sentiments in ambiguous expressions, as others also have done (Euseb.,"
2,ch043,lib. iii,lib,False,False,,,"χῆς ἅν πρίαιτο ὥστε μή με δουλεύειν, ""that he would purchase my liberty with his own life,"" [Cyrop."
2,ch043,lib. x,lib,False,False,,,"ions': — ""Prae se agere sese formidinem ac fugam, caedemque ac cruorem, coelestum, inferorum iras,"""
3,ch007,lib. 2 cap. 6,lib,True,False,Ambrose of Milan,,"is place.  The one is Ambrose, who, interpreting these words in his second book, De Spiritu Sancto,"
3,ch007,lib. 2,lib,True,False,,,t was created being the human soul of Jesus Christ. Nor was he alone in this interpretation. Didym.
3,ch007,lib. 4,lib,True,False,Basil of Caesarea,On the Holy Spirit,"was he alone in this interpretation. Didym. lib. 2 de Spiritu Sancto, Athanas. ad Serapion, Basil."
3,ch007,lib. 2 cap. 20,lib,True,False,Socrates Scholasticus,Ecclesiastical History,in like manner entangled with this corruption of the text; as was also Concil. Sardicen. in Socrat.
3,ch007,lib. 3,lib,True,False,Didymus the Blind,,"And because, as we observed before, the word πνεῦμα is variously used, Didymus, de Spiritu Sancto,"
3,ch007,lib. 9,lib,True,False,Plato,,"mind by cruelty, lusts, evil counsels and undertakings.""  So he, as I suppose from Plato de Repub."
3,ch007,lib. 2,lib,True,False,Didymus the Blind,,"haldee here adds קוֹדְשֶׁך, — ""The good Spirit of thy holiness"" or ""Thy holy good Spirit."" Didymus,"
3,ch022,lib. 1,lib,True,False,Augustine of Hippo,,"our wills as that they also act themselves, and that freely. So Austin, cont. Duas Epistol. Pelag."
3,ch023,lib. 4,lib,True,False,,,"ati et elisi a te, Deus meus, ego tamen confitear tibi dedecora mea, in laude tua,</span>"" Confess."
3,ch023,lib. 1,lib,True,False,Augustine of Hippo,,"tin of such irregular actings of nature in its infant state, one is peculiarly remarkable: Confess."
3,ch023,lib. 1,lib,True,False,,,"ae succedentibus majoribus aetatibus transeunt [sicuti ferulis majora supplicia succedunt],</span>"""
3,ch023,lib. 1,lib,True,False,,,"s et parentes amore ludendi, studio spectandi nugatoria [et imitandi ludicra inquietudine?]</span>"""
3,ch023,lib. 1,lib,True,False,,,"t haberem quod darem pueris, ludum suum mihi, quo pariter delectabantur tamen, vendentibus,</span>"""
3,ch023,lib. 2,lib,True,False,,,"is younger days; in the mire whereof he was long detained. To this purpose he discourseth at large,"
3,ch023,lib. 2,lib,True,False,,,orld takes away the shame of it; and love to it makes men greedy in the pursuit of it. See Confess.
3,ch023,lib. 2,lib,True,False,Augustine of Hippo,,"ngs on their hearts and minds, whereof afterward. This is excellently expressed by Austin, Confess."
3,ch023,lib. 1,lib,True,False,,,"m aliquem; qui posses etiam non adparens sensibus nostris, exaudire nos et subvenire nobis,</span>"""
3,ch023,lib. 2,lib,True,False,,,"warnings which he acknowledged that God gave him by the persuasions and exhortations of his mother,"
3,ch023,lib. 4,lib,True,False,,,"ere those which he had in sicknesses of his own, and in the death of his dear friend and companion,"
3,ch023,lib. 5,lib,True,False,,,"in all succeeding ages, by his excellent labors, preserved for the use of the church: see Confess."
3,ch023,lib. 8,lib,True,False,Augustine of Hippo,,"So Austin expresseth his own experience after his great convictions and before his full conversion,"
3,ch023,Lib. 8,lib,True,False,,,"of God. This discourse God was pleased to make use of farther to awake him, and even to amaze him."
3,ch023,Lib. 8,lib,True,False,,,because they see not how nor when they shall be delivered. So was it with the person instanced in.
3,ch023,lib. 8,lib,True,False,,,"et triumphat, et benedicit tibi, qui potens es ultra quam petimus aut intelligimus facere,</span>"""
3,ch023,lib. 8,lib,True,False,,,"mnes rapere intro in cor suum; et rapiebant amando et gaudendo. Hae rapientium manus erant,</span>"""
4,ch008,lib. 2,lib,False,False,,,"ason of their religion, they had the gods always propitious and succourable unto them,"" Antiq. Rom."
4,ch009,lib. 2 cap. 8,lib,True,False,Melchior Cano,Loci Theologici,"redendum, et oculi quidam interai Dei beneficio ad videndum dati,</span>"" saith Canus, Loc. Theol.,"
4,ch009,lib. 1 cap. 7,lib,False,False,,,"lium unusquisque, nisi quod longe infra justam rei explicationem verba subsidunt."" — Calv. Instit.,"
4,ch013,lib. 11 cap. 3,lib,False,False,Augustine of Hippo,,"on.""  The words of Austin, though taken notice of by all, yet may here be again reported. Confess.,"
4,ch013,lib. 3 cap. 2,lib,False,False,,,"hey have examined themselves about it. The words of Baptista Mantuanus are remarkable, De Patient.,"
4,ch013,lib. 8 cap. 1,lib,False,False,,,"ressly maintain both these assertions.  The design of Stapleton, De Principiis Fidei, controver. 4,"
4,ch013,lib. 6 cap. 3,lib,False,False,,,"sunt ut fidem omnino indubitatam reddant, nisi mens divinitus adjuvetur,"" De Grat. et Lib. Arbit.,"
4,ch013,"lib. 2 cap. 8, di",lib,False,False,,,"h as produce an undoubted faith, unless the mind be divinely assisted. Melchior Canns, Lee. Theol.,"
4,ch013,"lib. 1, cap. 7, sect. 5",lib,True,False,John Calvin,Institutes of the Christian Religion,"disp. 7, qu. 1, pune. 4, sect. 2.  Let any man compare these words with those of Calvin, Institut."
4,ch020,lib. 2,lib,False,False,,,"ion to_ be the _illuminating grace_ of the Spirit, and the _Holy One_ to be the _Spirit_ _himself,_"
4,ch032,lib. 24 cap. 30,lib,False,False,Livy (Titus Livius),,"came the phrase of velamenta proeferre, to hold out such covered branches. So Livy, De Bel. Punic.,"
4,ch032,lib. 10 cap. 23,lib,False,False,Constantine I,,"y called those prayers which they made solemnly unto their gods, supplicia and supplications, Liv.,"
4,ch035,lib. 4 chap. 3,lib,False,False,John of Damascus,,"spiritus discat ingemiscere, ut repropitiet sibi Deum.</span>"" To the same purpose speaks Damascen,"
4,ch040,"lib. 9, cap. 10",lib,False,False,,,"One of them, and his expressions in one place, may suffice for an instance, — Plotinus, Ennead. 6,"
4,ch040,Epist. 121,epist,True,False,Augustine of Hippo,Letters,"lang=""la"" xml:lang=""la"">Interdum voce nos ipsos ad devotionem et acrius incitamus,</span>"" August."
4,ch049,Epist. 1,epist,False,False,,,"the Spirit with the Corinthians under the name of the ""God of love and peace,"" 2 Corinthians 13:112"
5,ch004,lib. 6,lib,True,False,,,"is vivens, unde propheta dicit in psalmo, 'Si iniquitates attends Domine, quis sustinebit'</span>"","
5,ch004,lib. 2,lib,True,False,Jerome (Hieronymus),,"when they were convinced of sinful miscarriages in the sight of men; as they are charged by Jerome,"
5,ch004,lib. 2,lib,True,False,Augustine of Hippo,,"ful miscarriages in the sight of men; as they are charged by Jerome, lib. 2 Dialog.; and by Austin,"
5,ch004,Epist. 31,epist,True,False,,,"the philosophers: ""Unum bonum est, quod beatae vitae causa et firmamentum est, sibi fidere"", Senec."
5,ch004,lib. 5 cap. 7,lib,True,False,Robert Bellarmine,On Justification,"simum est fiduciam totam in sola misericordia Dei et benignitate reponere"", Bellar. de Justificat.,"
5,ch004,Orat. 2,orat,True,False,Gregory of Nyssa,,"ry Nyssen speaks to the same purpose: Μεταθεὶς γὰρ πρὸς ἑαυτὸν τὸν τῶν ἡμῶν ἁμαρτιῶν ἀπεργασάμενος,"
5,ch004,Epist. 190,epist,True,False,Bernard of Clairvaux,Letters,"ere must be no spot found in them), but by grace, whereby all sin is blotted out."" So Bernard also,"
5,ch004,lib. 2 cap. 7,lib,True,False,,,"imputari ad justitiam; vel nos justos esse per Christi justitiam nobis imputatam"", De Justificat.,"
5,ch004,"lib. 2, cap. 10",lib,True,False,,,"tiam et merita; cum nobis donentur et applicentur; ac si nos ipsi Deo satisfecissemus"". De Justif.,"
5,ch004,Epist. ad Innocent. 190,epist,True,False,Bernard of Clairvaux,Letters,"d unto us, as if we ourselves had satisfied God."" And this he confirms with that saying of Bernard,"
5,ch004,"lib. 2, cap. 1",lib,True,False,,,"m that seemed to be different from one another, reckoning that of Osiander for one, De Justificat.,"
5,ch004,"Ep. 202, 209",ep,True,False,Horace,Epistles,"e unto. ""Somnia, terrores magici, miracula, sagae Nocturni lemures, portentaque Thessala,"" — (Hor.,"
5,ch008,lib. 2,lib,True,False,,,"in adoption, unto him by whom he was adopted, which, what it is, is well declared by Budaeus, Cajus"
5,ch008,"Epist. 2, 29",epist,False,False,,,"in the New Testament (nor, it may be, in any other author) but by him. And he uses it expressly, 1"
5,ch009,lib. 2 cap. 16,lib,True,False,Robert Bellarmine,,"before described: but James treats of the second justification; which is by good works. So Bellar.,"
5,ch010,lib. 2 cap. 15,lib,True,False,,,"of Scripture wherein any one is denominated righteous from habitual righteousness, (De Justificat.,"
5,ch011,lib. 18 cap. 1,lib,True,False,,,"ad quos pervenerit incorrupta rerum fides, magno authori suo imputate"", Senec. ad Mart.  And Plin.,"
5,ch011,lib. 4 cap. 10,lib,True,False,,,"tum Adami ita posteris omnibus imputatur, ac si omnes idem peccatum patravissent"", De Amiss. Grat.,"
5,ch012,Serm. 17,serm,True,False,Leo the Great,Sermons,"carnem indutus"", etc., Montacut. Origin. Ecclesiast.  The ancients speak to the same purpose. Leo."
5,ch012,Serm. 16,serm,True,False,,,", ut dum Deus sua facit esse quae nostra sunt, nostra faceret esse quae sua sunt</span>"";  and also"
5,ch012,Epist. 120,epist,False,False,Augustine of Hippo,,"crucis sub redemptorum suorum voce clamavit</span>"".  And so speaks Augustine to the same purpose,"
5,ch012,lib. 3 cap. 33,lib,False,False,,,"em hominum in semet ipso recapitulatus est; unde a Paulo typus futuri dictus est ipse Adam</span>"","
5,ch012,Epist. 62,epist,True,False,Cyprian of Carthage,Letters,"by saying, ""The soul of the first Adam was the soul of Christ, it is charged on him"". And Cyprian,"
5,ch012,lib. 10 cap. 1,lib,True,False,Eusebius of Caesarea,,"ῆμεν? — ""We suffered in him."" Eusebius speaks many things to this purpose, Demonstrate.  Evangeli."
5,ch012,lib. 7 cap. 7,lib,True,False,Robert Bellarmine,On the Loss of Grace and State of Sin,"her ""dignitatem poenae,"" or ""obligationem ad poenam,"" as Bellarmine distinguishes. De Amiss. Grat.,"
5,ch012,lib. 5,lib,True,False,,,"rtuna loca dividenda praefectis esse ac suae quique partis tutandae reus sit"", Liv. De Bello Punic."
5,ch012,lib. 4,lib,False,False,,,"affinitate, regiam aut aliquibus ministeriis contigissent, alienae culpae rei trucidarentur"", B.P.,"
5,ch012,"lib. 8, cap. 3",lib,True,False,,,"formed of ""reus."" So Quintilian informs us, in his discourse of the use of obsolete and new words,"
5,ch012,lib. 2,lib,True,False,Robert Bellarmine,,"; for it is the guilt of sin that makes any one to be truly a sinner.  This is urged by Bellarmine,"
5,ch013,lib. 4 cap. 2-4,lib,True,False,Faustus Socinus,On Jesus Christ the Savior,"overthrow all remission of sins on the part of God"". This is pleaded for by Socinus, De Servatore,"
5,ch013,lib. 4 cap. 2-5,lib,True,False,Faustus Socinus,On Jesus Christ the Savior,"on the part of God or faith on ours."" These things I have transcribed out of Socinus, De Servatore,"
5,ch013,lib. 5 cap. 18,lib,True,False,,,"nisi inobedientia illius nostra etiam inobedientia esset</span>"", De Amiss. Grat. et Stat. Peccat.,"
5,ch014,"lib. 9, cap. 14",lib,True,False,Gregory of Nazianzus,,"orn of a woman, that he should be righteous?"" Job 15:14-16; 4:18,19. Hence says Gregory, in Job. 9,"
5,ch018,Epist. 200,epist,True,False,,,"quam dixerit legem et ait; 'per legem cognitio peccati'"".  And to the same purpose he speaks again,"
5,ch020,lib. 2 cap. 10,lib,True,False,,,"rita, cum nobis donantur et applicantur, ad si nos ipsi Deo stisfecissimus</span>"", De Justificat.,"
5,ch022,Dial. 3,dial,True,False,,,"s imputed unto all that believe unto the justification of life. The sum of it is given by Theodore,"
5,ch022,lib. 4 cap. 6,lib,True,False,,,"the benefits thereof. This is the substance of his long disputation on this subject, De Servatore,"
5,ch022,lib. 11 cap. 25,lib,True,False,Cyril of Alexandria,Commentary on John,"nce of one shall many be made righteous.""  This is well explained by Cyrillus Alexandrinus in Joan."
5,ch022,Epist. 12,epist,True,False,Leo the Great,Letters,"ctio et vivificatio quae per Spiritum est, ad totam nostram penetravit naturam</span>"". And by Leo,"
5,ch022,lib. 2 cap. 10,lib,True,False,,,"and importance, giving up his whole cause in satisfaction unto them, in the words before described,"
5,ch022,lib. 2 cap. 7,lib,True,False,,,"interpretation, and it is his first argument against the imputation of the righteousness of Christ,"
5,ch022,lib. 1,lib,True,False,,,"absurdity of the assertion falls upon himself; we are not concerned in it. For he affirms directly,"
5,ch022,"lib. 1 cap. 18, li",lib,False,False,Robert Bellarmine,,"the least intimation of any such distinction?  Bellarmine considers this testimony in three places,"
5,ch022,lib. 5 cap. 5,lib,False,False,Robert Bellarmine,,"distinction?  Bellarmine considers this testimony in three places, lib. 1 cap. 18, lib. 1 cap. 19,"
5,ch024,lib. 1 cap. 15,lib,True,False,,,faith is nothing but a real assent unto the catholic doctrine or divine revelation: De Justificat.
7,ch006,lib. 1 cap. 7,lib,True,False,Socrates Scholasticus,Ecclesiastical History,"we mentioned before a re-admission unto church communion, as Acesius speaks expressly in Socrates,"
7,ch008,lib. 3 cap. 32,lib,False,False,Eusebius of Caesarea,,"iven us by Hegesippus, who lived in the next age after them, as his words are recorded by Eusebius,"
7,ch014,Orat. 1,orat,False,False,,,unto them who publicly taught philosophy; to which purpose the words of Themistius are remarkable:
7,ch015,lib. 27 cap. 6,lib,False,False,,,"ody and scandalous conflict between Damasus and Ursicinus whether of them should be bishop of Rome,"
8,ch015,lib. ii,lib,False,False,,,"atry is the yielding unto a creature the service and worship due to the Creator, Rainold. de Idol.,"
8,ch015,lib. i,lib,True,False,Augustine of Hippo,Eighty-Three Questions,"la"">Idololatrae dicuntur Qui similacris eam servitutem exhibent, quae debertur Deo,</span>"" August,"
8,ch015,lib. ii,lib,False,False,,,"."" To render glory to the creature as to God is idolatry, say the Papists, Bell, de Ecclea Triumph,"
8,ch015,lib. i,lib,False,False,Gregory of Nazianzus,,"d is idolatry, say the Papists, Bell, de Ecclea Triumph, lib. ii. cap. 24; Greg. de Valen. de Idol,"
8,ch015,lib. 5,lib,False,False,,,"are conjurations, seditions, private societies — things no way conducing to monarchy,"" Hist. Rom.,"
8,ch015,lib. ii,lib,False,False,Cicero,,"d that civil society which men under the same government do and ought to enjoy. So Cicero tells us,"
8,ch015,lib. v,lib,False,False,,,"they worshipped an ass's head; which impious folly — first fastened on the Jews by Tacitus, Hist.,"
8,ch015,"lib. 4, cap. 19",lib,True,False,Theodoret of Cyrrhus,Ecclesiastical History,"there acted, did outgo what before had been done by the Pagans. See Theodoret, Ecclesiastes Hist.,"
8,ch015,lib. 3,lib,True,False,Socrates Scholasticus,Ecclesiastical History,"peaceable; offended only with them who would offer violence to others, Socrates Ecclesiastes Hist.,"
8,ch015,lib. vii,lib,False,False,,,"granted liberty to all sects, but Manichees, Photinians, and Eunomians, Sozom. Ecclesiastes Hist.,"
8,ch015,lib. iii,lib,True,False,Irenaeus of Lyon,Against Heresies,"and Paganism, was; saying, ""Let us depart, lest the building fall on us where Cerinthus is,"" Iren.,"
8,ch015,lib. iii,lib,True,False,Eusebius of Caesarea,Ecclesiastical History,"st the building fall on us where Cerinthus is,"" Iren., lib. iii. cap. 3; Euseb. Ecclesiastes Hist.,"
8,ch015,lib. iv,lib,True,False,Eusebius of Caesarea,Ecclesiastical History,"he knew him, or acknowledged him, his answer was, ""Yea, to be the first-born of the devil,"" Euseb.,"
8,ch015,lib. iii,lib,True,False,Irenaeus of Lyon,Against Heresies,"atius's epistles are full of the like expressions. Irenaeus says, he would have no words with them,"
8,ch015,Epist. iii,epist,True,False,Cyprian of Carthage,Letters,"self. Cyprian cries out, ""Nulla cum talibus convivia, nulla colloquia, nulla commercia misceantur,"""
8,ch015,Epist. ad Phil,epist,False,False,,,"η τὰ μὴ εἰδότα τὸν Κύριον καὶ Θεὸν, ἀλλ ἐχθοὺς μὲν ἡγεῖσθαι καὶ χωρίζεσθαι ἀπ αὐτῶν, says Ignatius,"
8,ch015,lib. ii,lib,False,False,Gregory of Nazianzus,,"t credendi quod nolim, aut quod velim non credendi?</span>""  And long after these, Gregory of Rome,"
8,ch015,Epist. lii,epist,False,False,Gregory of Nazianzus,,"i quod nolim, aut quod velim non credendi?</span>""  And long after these, Gregory of Rome, lib. ii."
8,ch015,lib. x,lib,True,False,Eusebius of Caesarea,Ecclesiastical History,"s, should have liberty to keep the faith of their religion and heresy,"" Euseb., Ecclesiastes Hist.,"
8,ch015,lib. i,lib,True,False,Socrates Scholasticus,Ecclesiastical History,"l, nor would by any means be prevailed on to lay down their malice and animosities,"" Socrat. Hist.,"
8,ch015,lib. i,lib,False,False,,,", new banishments of other persons, follow one upon the neck of another, Rufin. Ecclesiastes Hist.,"
8,ch015,lib. i,lib,False,False,,,"l dissensions, by the lies, flatteries, equivocations of such as called themselves bishops, Rufin.,"
8,ch015,Epist. 7,epist,True,False,Leo the Great,Letters,"them by turbulent priests and aspiring prelates. Let the pope's letters to them witness this. Leo,"
8,ch015,lib. iv,lib,True,False,Socrates Scholasticus,Ecclesiastical History,"eror, who before had cruelly raged against all orthodox professors of the Deity of Christ, Socrat.,"
8,ch015,Epist. xcvii,epist,False,False,,,"to punish them appearing, you have in his epistle to Pliny, a provincial governor under him, Plin."
8,ch015,lib. iii,lib,False,False,Eusebius of Caesarea,,"governor under him, Plin.  Epist. xcvii.; which, though commended by Eusebius, Ecclesiastes Hist.,"
8,ch015,lib. vii,lib,True,False,Eusebius of Caesarea,Ecclesiastical History,"f so cursed a stock."" Decius, having reigned scarce two years, was slain with his children, Euseb.,"
8,ch015,lib. vii,lib,True,False,Eusebius of Caesarea,Ecclesiastical History,"rsia, was carried about in a cage, and being seventy years old, was at length flayed alive, Euseb.,"
8,ch015,lib. vii,lib,True,False,Eusebius of Caesarea,Ecclesiastical History,"f its inhabitants answered not the gray-headed old men that were in it before, Dionys. apud Euseb.,"
8,ch015,lib. vii,lib,True,False,Eusebius of Caesarea,Ecclesiastical History,"desires to see more of this, let him consult Tertul. Apol. et ad Scap.; Euseb. Ecclesiastes Hist.,"
8,ch015,lib. xviii,lib,True,False,Augustine of Hippo,The City of God,"ult Tertul. Apol. et ad Scap.; Euseb. Ecclesiastes Hist., lib. vii. cap. 21; August. de Civit. Dei,"
8,ch015,lib. viii,lib,True,False,Augustine of Hippo,The City of God,"Euseb. Ecclesiastes Hist., lib. vii. cap. 21; August. de Civit. Dei, lib. xviii. cap. 52; Eutrop.,"
8,ch015,lib. vi,lib,True,False,Socrates Scholasticus,Ecclesiastical History,"astical history, of a forcible decision of such minute differences. See Socrat. Ecclesiastes Hist.,"
8,ch015,lib. iv,lib,False,False,Constantine I,,"ident to all.  Thus, in days of old, Constantine shut up Pagans' temples, Euseb. de Vita Constant.,"
8,ch015,lib. iii,lib,False,False,Constantine I,,"es, Euseb. de Vita Constant., lib. iv. cap. 23, 24; and demolished some of the most filthy of them,"
8,ch015,lib. v,lib,True,False,Socrates Scholasticus,Ecclesiastical History,"y cast them to the ground, though not without some blows and bloodshed, Socrat. Ecclesiastes Hist.,"
8,ch015,lib. v,lib,False,False,,,"bserves), — occasioned a cruel persecution of thirty years' continuance, Theod. Ecclesiastes Hist.,"
8,ch066,lib. 53,lib,False,False,Horace,,"and monstrous blasphemies which, from the court, had spread themselves over all the nation, Hist.,"
10,ch001,lib. 1,lib,True,False,Socrates Scholasticus,Ecclesiastical History,"ng=""el"">Θές ῶ Ακέσίλαι κλίμακα καὶ μόνος ἀνάβηθι εἰς τὸν οὐρανόν</span>. — Constant., apud Socrat.,"
10,ch022,lib. 3,lib,False,False,,,"lly cast into hell. ""Judas, betrayest thou the Son of man with a kiss?"" See this at large confuted,"
10,ch046,"lib. 2, cap. 16",lib,True,False,John Calvin,Institutes of the Christian Religion,"ine, is most apparent. The same objection, renewed by others, is also answered by Calvin, Institut."
10,ch058,lib. 4: cap. 15,lib,True,False,Eusebius of Caesarea,Ecclesiastical History,"ὲρ τῆς τοῦ κόσμου τῶν σωζωμένων δωτηξίας παθόντα, οὕτε ἑ͂τερον τιμῇ σέζειν. — Euseb. Hist. Eccles.,"
10,ch058,Epist. ad Phil,epist,False,False,,,"IGNATIUS, as he was carrying to Rome from Antioch, to be cast to beasts for the testimony of Jesus,"
10,ch058,Epist. 62,epist,True,False,Cyprian of Carthage,Letters,"mutation.  This triple testimony is taken from the very prime of undoubted antiquity.  IV. CYPRIAN,"
10,ch058,Serm. 7,serm,False,False,,,"rice of his blood.""  The same, or some other ancient and pious writer of the cardinal works Christ,"
10,ch058,lib. 2:cap. 15,lib,False,False,,,"ancient and pious writer of the cardinal works Christ, Serm. 7, secund. Rivet. Crit. Sac. in Cyp. ["
10,ch058,lib. 1: cap. 3,lib,False,False,Ambrose of Milan,,"might be saved.""  All in both places can be none but the elect; as, —  VII. AMBROSE de Vocat. Gen.,"
10,ch058,lib. 1:cap. 9,lib,True,False,Prosper of Aquitaine,On the Calling of the Gentiles,"can be none but the elect; as, —  VII. AMBROSE de Vocat. Gen., lib. 1: cap. 3; or rather, PROSPER,"
10,ch058,Serm. 44,serm,False,False,,,"hrist will possess what he bought; he bought it with such a price that he might possess it.""  Idem,"
10,ch058,Tract. lXXXvii,tract,False,False,,,".</span>"" — ""He that bought us with such a price will have none perish whom he hath bought.""  Idem,"
10,ch071,lib. 2:cap. 1,lib,False,True,,,"st, in reference to the main and ultimate end to be thereby attained, as at large I have discussed,"
10,ch072,lib. 2: cap. 2,lib,False,False,,,"d, —  **[3.]** It is destructive to all the proper fruits and effects of the death of Christ, etc.,"
10,ch075,lib. 3,lib,False,False,,,hall transcribe the place from whence these difficulties are pretended to arise.  The passage is in
10,ch081,lib. 5,lib,False,False,,,"it to the celebrated saying, ""In justice every virtue is summarily comprehended,"" Ethic. ad Nicom.,"
10,ch084,lib. 4,lib,False,False,Eusebius of Caesarea,,"ent to the gods with human blood, — namely, that of captives. But Eusebius Pamphilus (Praep. Evang."
10,ch084,lib. 2,lib,False,False,Horace,,"ulcem Aulide natam, Ante aras, spargisque mola caput, improbe, salsa, Rectum animi servas?"" — Hor.,"
10,ch084,"Ep.

117",ep,True,False,Seneca,Letters to Lucilius,"mankind is considered as a weighty argument; I content myself with this public persuasion,"" Seneca,"
10,ch085,lib. 2,lib,True,False,Aristotle,Nicomachean Ethics,"maxims of the Stoics. But Aristotle reckons ἀοργησίαν [f391] among vices or extremes, Ethic. Nicom."
11,ch006,lib. 4,lib,True,False,Varro,,"is pertinacy, if these are not rather distinguished from their objects than in themselves.  Varro,"
11,ch006,lib. 83,lib,True,False,Augustine of Hippo,,"rein he ought so to do. Hence is that definition of it commonly given by the schoolmen from Austin,"
11,ch006,lib. 2,lib,True,False,Cicero,,"om Austin, lib. 83, qu. 31, who took it from Cicero (one they little acquainted themselves withal),"
11,ch006,lib. 7 cap. 6,lib,True,False,Aristotle,,"any affairs is attended withal. Aristotle informs us that it is exercised about things troublesome,"
11,ch006,lib. 10 cap. 9,lib,True,False,,,"is καρτερικός. Hence he tells us that καρτερκῶς ζῇν, as well as σωφρόνως, is not pleasant to many,"
11,ch006,lib. 7 cap. 9,lib,True,False,,,"sorts, ἰδιογνώμονες, ἀμαθεῖς, and ἄγροικοι. All these are, in his judgment, ἰσχυρογνώμονες, Nicom.,"
11,ch006,lib. 2,lib,True,False,,,"really to differ from the habit of faith and love itself; for which Bradwardin earnestly contends,"
11,ch006,lib. 10,lib,True,False,,,"with many of the divines of the reformed churches. Hence is that conclusion of Alvarez, De Auxil.,"
11,ch006,lib. 3,lib,True,False,,,"position he says, ""In hac omnes catholici conveniunt."" Of the same judgment was his master, Thomas,"
11,ch006,lib. 2 cap. 8,lib,True,False,,,"as observed, he denied, but to manifest that it was immediately and wholly from God. His words are,"
11,ch006,lib. 3 cap. 32,lib,False,False,Eusebius of Caesarea,,"[consideration will be found] in that known passage of Hegesippus, in Eusebius Hist. Ecclesiastes,"
11,ch006,lib. 2,lib,False,False,Clement of Alexandria,,"to Clemens Alexandrinus, in hac alioquin palaestra non ita exer-citatus ut sequentia secula,"" Hom.,"
11,ch006,lib. 3 cap. 33,lib,True,False,,,"lication to a particular person, doth that great and holy doctor discourse, De Doctrin. Christiana,"
11,ch006,lib. 7 cap. 12,lib,True,False,Sozomen,Ecclesiastical History,"that Sisinius and Agelius the Novatians sometimes gave, as Sozomen reports of them (Hist. Eccles.,"
11,ch006,lib. 6 cap. 14,lib,True,False,,,"that whereas it is pretended that these Constitutions were made at a convention of the apostles, as"
11,ch006,lib. 2 cap. 57,lib,True,False,,,"γενόμενοι, Πέτρος καὶ Ανδρέας, Ιάκωζος καὶ Ιωάννης υἱοὶ Ζεζεδαίου, etc. They are made to inform us,"
11,ch006,lib. 8 cap. 4,lib,True,False,,,"s associates. Also, they make Stephen and Paul to be together at the making of those Constitutions,"
11,ch006,lib. 8 cap. 46,lib,True,False,,,"rtyrdom of Stephen was before the conversion of Paul), and yet also mention the stoning of Stephen,"
11,ch006,lib. 7 cap. 48,lib,True,False,,,"of Jerusalem after the death of James, and yet James is one of them who is met together with them,"
11,ch006,lib. 7,lib,True,False,Clement of Alexandria,Stromata (Miscellanies),"n the second century, about the reign of Hadrian, as Eusebius manifesteth, and Clem. Alex., Strom.,"
11,ch006,Lib. 5 cap. 28,lib,True,False,Irenaeus of Lyon,Against Heresies,"Pastor. by others), — it is answered, that they were mentioned by Irenaeus some good while before."
11,ch006,lib. 5 sect. 47,lib,True,False,Richard Montague (Montacutius),,"cter fraudes, et fucos, et praestigias non est quod quicquam expectemus</span>"" (Montacu. Appar. l,"
11,ch006,lib. 1 cap. 13 sect. 29,lib,True,False,,,"tolerabilis est eorum impudentia qui talibus larvis ad fallendum se instruunt,</span>"" Calv. Inst.,"
11,ch006,lib. 6,lib,True,False,Clement of Alexandria,,"and falsehood: so is that period in the Epistle to the Magnesians, taken from Clemens. Constitut.,"
11,ch006,Dial. 3,dial,True,False,Theodoret of Cyrrhus,,"ent from those citations made out of them by them of old, which now appear not in them.  Theodoret,"
11,ch006,Dial. 3,dial,True,False,Jerome (Hieronymus),Letters,"ll scarcely find in that Epistle to the Church of Smyrna, from whence they were taken. Jerome also,"
11,ch006,Epist. ad Tral,epist,True,False,,,"n or society with him. Αναγκαῖον οῦν ἐστιν, ὅσαπερ ποιεῖτε, ἄνευ τοῦ ἐπισκόπου μηδὲν πράττειν ὑμᾶς,"
11,ch006,Epist. ad Philadel,epist,True,False,,,"entence, in word and manner, being most remote from the least countenance from the sacred writings."
11,ch006,Lib. 2 cap. 2,lib,True,False,Clement of Alexandria,,"his pretended Apostolical Constitutions. At this rate, or somewhat beyond it, have you him ranting:"
11,ch006,lib. 2 cap. 20,lib,True,False,,,"the laity (forsooth) to honor, love, and fear the bishop ὡς κύριον, ὡς δεσπότην, ὡς ἀρχιερέα Θεοῦ,"
11,ch006,lib. 4,lib,False,False,,,"trorum duos ordines ecclesiam primitivam habuisse, et de his solis praeceptum apostoli nos habere,'"
11,ch006,Epist. ad Trall,epist,True,False,,,"s, in a peculiar manner; which is one considerable bottom and foundation of the truth we plead for:"
11,ch006,Homil. 5,homil,True,False,,,"e grants to them who are not at last (for such he discourses of) found worthy.  MACARIUS AEgyptius,"
11,ch006,lib. 1 cap. 6,lib,True,False,Ambrose of Milan,,"ve received that earnest may lose it again, I know not.  The words of AMBROSE to this same purpose,"
11,ch006,Epist. ad Rusti,epist,False,False,,,"sionis filios, cum doctrine, hujus viri, sicut in tota fide, ita in gratiae confessione congruere,"""
11,ch006,Epist. ad Gall,epist,True,False,,,"writings began to be carped at by the semi-Pelagians of France, Caelestine, bishop of Rome, in his"
11,ch006,Epist. ad Concil,epist,True,False,Leo the Great,Letters,"esset doctissimus, adversus libros tamen Pelagianorum beati Augustini responsa poscebat.""  And Leo,"
11,ch006,Epist. 94,epist,True,False,Jerome (Hieronymus),Letters,"his own days, notwithstanding the differences between them, the aged and learned Jerome tells him,"
11,ch006,Homil. 53,homil,False,False,,,"ding in faith and obedience notwithstanding and against temptation. To this is that of his on John,"
11,ch006,lib. 2 cap. 8,lib,True,False,,,"to, it is impossible any should persevere to the end: which Bradwardin more confirms, De Cans. Dei,"
11,ch006,lib. 3 cap. 32,lib,True,False,,,"n manent, non vere appellantur quod appellantur, et non sunt.</span>"" As also, De Doct. Christiana,"
11,ch006,Epist. 42,epist,False,False,Augustine of Hippo,,"bled (whereof Prosper gives us an account, reckoning them up in their order, and Austin before him,"
11,ch006,lib. 1,lib,True,False,Gregory of Nazianzus,,"in the following ages is that which I shall farther demonstrate.  After these was GREGORY I., who,"
11,ch006,Epist. 99,epist,True,False,Gregory of Nazianzus,,"following ages is that which I shall farther demonstrate.  After these was GREGORY I., who, lib. 1"
11,ch006,lib. 34,lib,True,False,,,"accepted fruits again. And most expressive to our purpose is that discourse of his which you have,"
11,ch006,Lib. 2,lib,True,False,,,"of this university in the year 1325, and obtained by general consent the title of Doctor Profundus."
11,ch006,lib. 3 cap. 53,lib,False,False,,,"in prora hujus naviculae pervigil laborabat, jam in puppi super cervicalia dormiat, vel dormitet,"""
11,ch006,lib. 3,lib,True,False,,,"one certainly to persevere, without the peculiar preservation of God.  Of this he gives his reason,"
11,ch006,lib. 10,lib,True,False,,,"e naturalis non utitur eisdem habitibus, nisi speciali Dei auxilio moveatur,</span>"" Alvar. De Aux."
11,ch006,lib. 3,lib,True,False,,,"ed, they certainly and infallibly persevere to the end, pp. quest. 109, a. 10, c.; and Contra Gent."
11,ch006,lib. 2,lib,True,False,,,"ll men's hands, shall not transcribe his assertions and arguments; but only refer the reader to his"
11,ch006,Lib. 11,lib,True,False,,,"nia,"" etc. The other is SUAREZ, who delivers his thoughts succinctly upon the whole of this matter."
12,ch004,lib. i,lib,True,False,Irenaeus of Lyon,Against Heresies,"n Magus and Menander), of all others most perplexed and infected the primitive church: as Irenaeus,"
12,ch004,lib. 1 tom. 2,lib,False,False,Epiphanius of Salamis,,"n, Praeserip. ad Haeret. cap. 49; Philastrius, in his catalogue of heretics; Epiphanius in Panario,"
12,ch004,Haer. 51,haer,False,False,Epiphanius of Salamis,,"ere man; even in the entrance of the Gospel being confounded by John, as is affirmed by Epiphanius,"
12,ch004,lib. 5,lib,False,False,Eusebius of Caesarea,,"to do so always); excommunicated on that account by Victor, as Eusebius relates, Hist. Ecclesiastes"
12,ch004,"lib. 7 cap. 29, 30",lib,True,False,Eusebius of Caesarea,Ecclesiastical History,"hop of Sirmium, they constantly boast. Of Samosatenus and his heresy, see Euseb. Hist. Ecclesiastes"
12,ch004,"lib. 2 cap. 24, 25",lib,True,False,Socrates Scholasticus,Ecclesiastical History,"st. Ecclesiastes lib. 7 cap. 29, 30 and Hilary, De Synodis; of Photinus, Socrat. Ecclesiastes Hist."
12,ch004,lib. 8,lib,False,False,,,"an oath to preserve this union and the liberty of the protestant religion. — Sarricius, Annal. Pol."
12,ch004,lib. 6 cap. ii,lib,False,False,,,"""in defensione sanctae Trinitatis,"" and confuted by him; and Zanchius, at large, ""De Tribus Elohim,"
12,ch004,Ep. 3,ep,False,False,Faustus Socinus,,"resent estate of the minds of many in the things of God, I shall briefly give from Socinus himself ("
12,ch004,Ep. 1,ep,False,False,,,"he called the Trinity _tricipitem Cerberum,_ and wrote that Moses was a ridiculous impostor, Beza,"
12,ch004,lib. 3,lib,False,False,,,"ain;""  and whose blasphemy comes not at all short of it. The first is of Clarus Bonarus the Jesuit,"
12,ch004,lib. 3,lib,False,False,,,"comes not at all short of it. The first is of Clarus Bonarus the Jesuit, lib. 3 Amphitrial. Honor."
12,ch004,lib. 2,lib,False,False,,,", mamma latusque tuis.""  The other is of Franciscus de Mendoza, in Viridario Utriusque Eruditionis,"
12,ch004,lib. 1 cap. 17,lib,False,False,Maximus of Turin,,"ut frequens ac mobilis transitus maximum perfecti operis impedimentum sit."" — Paterc. Hist. Romans"
12,ch006,Ep. ad Squarci,ep,False,False,Faustus Socinus,,"s the language which here he useth of himself and his discoveries his own, but borrowed of Socinus,"
12,ch008,lib. 1:cap. 2,lib,False,False,,,"negare non possunt, ipsum se colere, afrmant, verum hoc sibi placere, ut Jupiter nominetur,</span>"""
12,ch009,lib. 3,lib,False,False,Epiphanius of Salamis,,"e world is beholding to one Audaeus, a monk, of whom you have a large account in Epiphanius, tom. 1:"
12,ch009,Haer. 70,haer,False,False,Epiphanius of Salamis,,"is beholding to one Audaeus, a monk, of whom you have a large account in Epiphanius, tom. 1:lib. 3,"
12,ch009,Lib. 4,lib,True,False,Theodoret of Cyrrhus,Ecclesiastical History,"onk, of whom you have a large account in Epiphanius, tom. 1:lib. 3, Haer. 70; as also in Theodoret,"
12,ch009,lib. 6:cap. 7,lib,True,False,Socrates Scholasticus,Ecclesiastical History,"sion, with what learned stirs ensued thereon, we have a full relation in Socrat. Ecclesiastes Hist."
12,ch009,serm. 78,serm,False,False,,,"όν or δύναμιν, had the same apprehensions of him. Thus discourses Mercurius ad Tatium, in Stobaeus,"
12,ch009,Serm. 83,serm,False,False,,,"ι Εννοοῦμαις ῷ τάτ ἐννοοῦμαι ὁ͂ ἐξειπεῖν οὐ δυνατὸν τοῦτο ἐστιν ὁ Θεός And Calicratides apud Stob.,"
12,ch009,lib. 1,lib,False,False,,,"t nostram? Nostri melior pars animus est, in illo nulla pars extra animum.</span>"" Natural. Quaest."
12,ch011,Ep. 2,ep,False,False,,,"inations? On the consideration of this argument doth Episcopius conclude for the prescience of God,"
12,ch017,lib. 5 cap. 11,lib,False,False,,,"ause, called the ' Son of God.'"" [f238] So he against Weik the Jesuit. He is followed by Volkelius,"
12,ch017,lib. 5 cap. 10-12,lib,False,False,,,"t. de Christi Natura, pp. 14, 15; Adversus Weikum, pp. 224, 225, et passim; Volkel.  De Vera Relig."
12,ch020,lib. 3 cap. 6,lib,False,False,Faustus Socinus,,"hased by his own blood:"" so Ochinus and Laelius Socinus, whom Zanchius answers, ""De Tribus Elohim,"""
12,ch023,lib. 8,lib,False,False,,,"very well, but of the Syriac not at all. Others also give a parallel expression out of Thucydides,"
12,ch024,lib. 2 cap. 6,lib,False,False,Cyprian of Carthage,,"exception, do read it, and that Beza had manifested, against Erasmus, that Cyprian adver. Judaeos,"
12,ch024,Orat. 1 cap. i,orat,False,False,,,"the faith of the Messiah to come is the foundation of the law, it is disputed by Rabbi Joseph Albo,"
12,ch024,Epist. 57,epist,False,False,,,almost as much as at the interpretation itself. The words our annotator mentions are taken from his
12,ch027,lib. 3,lib,False,False,Gregory of Nazianzus,,"spoken of Father, Son, and Holy Ghost, I shall shut up with that distich of Greg. Naz. Sanct. Spir."
12,ch032,lib. 4:cap. xii,lib,False,False,,,at the devils expected and waited for his company in his journey which he had to go (Florim. Romans
12,ch032,Ep. 1,ep,False,False,Faustus Socinus,,"his assertions shall instantly be seen). So Socinus himself leads the way, Respon. ad Niemojevium,"
12,ch032,lib. 4:cap. 11,lib,False,False,,,"these things are affirmed, is easy to judge.  Of the same judgment with him is Volk. de Vera Relig."
12,ch034,Ep. ad Niemojev. 1,ep,False,False,,,"some time the venom of that error was not taken notice of. Six years after, as himself telleth us ("
12,ch034,Ep. 1,ep,False,False,,,"substance) if he was not mad, to affirm a thing so contrary to express texts of Scripture. [f412] ("
12,ch034,Ep. 190,ep,False,False,Bernard of Clairvaux,,". Before him, also, Abelardus had made an entrance into the same abomination; of whom says Bernard,"
12,ch034,Ep. 2,ep,True,False,Faustus Socinus,On Jesus Christ the Savior,"priest.  To this Socinus invented an answer, in his book ""De Servatore,"" which he insists on again,"
12,ch037,lib. 20,lib,False,False,,,"might go away freely without punishment, [f431] And so is that expression explained by Ulpian, Dig."
12,ch039,lib. 1,lib,False,False,,,"ther places of the prophets, if Isaiah in this place had but held his peace, Huls. Theolog. Judaic."
12,ch039,lib. 8:cap. xiv,lib,False,False,,,"the sufferings of the Messiah. Of the same mind was R. Solomon, as he is cited by Petrus Galatinus,"
12,ch039,lib. 6,lib,False,False,,,"all our sins, for which he was crucified. ""Muners magna quidem misit sed misit in homo."" — Martial."
12,ch039,Ep. 68,ep,False,False,,,"sins, for which he was crucified. ""Muners magna quidem misit sed misit in homo."" — Martial. lib. 6"
12,ch042,lib. 1,lib,False,False,Faustus Socinus,,"the plea of Socinus as to this part of our description of redemption, ""De Jesu Christo Servatore,"""
12,ch042,lib. i,lib,True,False,Faustus Socinus,On Jesus Christ the Savior,". Socinus, ""De Servatore,"" expresses himself to the whole business of redemption in three chapters,"
12,ch042,lib. 1,lib,True,False,Faustus Socinus,On Jesus Christ the Savior,"rtakers of his death.  The words of Socinus to this purpose may be taken notice of, Lib. de Servat."
12,ch042,"lib. 9 cap. 2, di",lib,True,False,Aristotle,Nicomachean Ethics,"ρώσασθαι τὴν θυγατέρα, — ""to pay a price for the redemption of his daughter."" And Aristotle, Ethic."
12,ch042,lib. 1,lib,False,False,,,") non quidem per legis opera, quibus illam commeriti sumus, sed gratis per gratiam Dei,"" De Servat."
12,ch043,lib. 1,lib,True,False,Faustus Socinus,On Jesus Christ the Savior,"iasse, verum etiam Deum ipsum fuisse qui hanc reconciliationem fecerit,</span>"" Socin. de Servator."
12,ch050,Ep. 2,ep,True,False,Horace,Epistles,"i in vicum vendentem thus et odores, Et piper, et quicquid chartis amicitur ineptis.</span>"" — Hor."
12,ch050,lib. 4 cap. 3,lib,False,False,,,"amus; deinde ut  Deo obtemperemus,</span>"" etc. — Cat. Rac. cap. 9 de fide; Volkel. de Vera Relig.,"
12,ch050,lib. 4 cap. 3,lib,False,False,,,"principaliter efficere, ut justificationis beneficium consequamur.</span>"" — Volkel, de Vera Relig."
12,ch050,lib. 4 cap. 3,lib,False,False,,,"d causam sine qua non (ut loquuntur) justificationis nostrae esse.</span>"" — Volkel, de Vera Relig."
12,ch050,Ep. ad Virum Cl,ep,False,False,Faustus Socinus,,"remissio, nisi Deo confisus fuerit, seque ipsi regendum et gubernandum tradiderit."" — Faust. Socin."
12,ch050,lib. 4 cap. 3,lib,True,False,,,"tiam continent. Jacobus ergo ea intelligit.""<span lang=""la"" xml:lang=""la""> — Volkel. de Vera Relig."
12,ch050,lib. 1 cap. 1,lib,False,False,Gregory of Nazianzus,,"D. D., cap. 1 Celsus; though some dispute against this definition, as Conanus, Comment. Jur. Civil."
12,ch050,lib. 2 cap. i,lib,False,False,,,"t aut a natura, aut a lege data quaedam obligatio, tanquam comes et adjutrix,"" Comment. Jut. Civil."
12,ch050,lib. 1,lib,False,False,,,tted; concerning which the variety of cases and opinions are repeated by Menochius de Arbit. Judic.
12,ch050,lib. 3,lib,True,False,,,"et modestia sum, sine bono jure atque honore:""<span lang=""la"" xml:lang=""la""> Bachid. and Paulus, in"
12,ch050,lib. 11,lib,False,False,,,"hom and whose profit and benefit the grant is made, I question not. Again, consider that of Paulus,"
12,ch050,lib. 4,lib,False,False,,,"ly actionable doth not follow: ""Actio est jus persequendi in judicio, quod sibi debetur,"" Institut."
12,ch050,lib. 3,lib,False,False,,,"or or delinquent, or any for him. The beginning of that section, ""Quibus modis tollitur obligatio,"""
12,ch053,lib. 5,lib,False,False,,,"rime. That which is objected in matter of fact ""aut negandum est aut defendendum,"" says Quintilian,"
12,ch053,lib. 3 cap. 15,lib,False,False,,,λαβερὸν ἦ οὐ τούτῳ ἦ ὡς οὐ τηλικοῦτο ἦ οὐκ ἄδικον ἦ οὐ μέγα ἦ οὐκ αἰσχρὸν ἦ οὐκ ἔχον μέγεθος (Rhet.
12,ch053,lib. 2 cap. 6,lib,False,False,Faustus Socinus,,"non perferre peccata, sed peccata tollere, sive auferre, significare,"" Socin. de Jes. Christ. Serv."
12,ch053,lib. 2 cap. 24,lib,True,False,Faustus Socinus,On Jesus Christ the Savior,"ions he deserts this assertion, and takes up the sense of the place given by Socinus, De Servatore,"
12,ch053,lib. 2 cap. 2,lib,True,False,Faustus Socinus,On Jesus Christ the Savior,"Socinus had interpreted this of the righteousness of Christ's fidelity and veracity, De Servatore,"
12,ch053,lib. 3 cap. 47,lib,False,False,,,"egressio: ac mactatio quidem mortem Christi, violentam sanguinis profusionem con-tinct,"" De Relig."
12,ch053,lib. 1,lib,False,False,John of Damascus,,"ays Hesychiua Λόγος ἐνδιάθετος is that which we speak in our hearts, says Damascen. De Orthod. Fid."
13,ch020,Homil. 3,homil,True,False,,,"ν, εἴτις ἐκείναις συμφωνεῖ οῦμφωνεῖ οῦτος Χριστιανός? εἴτις μάχεται οῦτος πόῤῥω τοῦ κανόνος τούτου."
13,ch020,lib. 20 cap. 3,lib,True,False,,,"llor est eadem opinantem, et eodem ritu utentem solo congregationis delectari dissidio,"" Con. Faust"
13,ch020,Epist. ad Amphil,epist,True,False,Basil of Caesarea,Letters,"ition directly suited to the cause he had in hand and was pleading against the Donatists. Basil, in"
13,ch022,lib. 1,lib,True,False,,,"in domo, ut non pertineant ad compagem domus, sed sicut esse palea dicitur in frumentis,"" De Bapt.,"
13,ch022,lib. 2,lib,True,False,,,"unita fide una, et sanctificata,""<span lang=""la"" xml:lang=""la""> saith Hugo de Victore, de Sacram.,"
13,ch023,lib. 5,lib,True,False,Socrates Scholasticus,Ecclesiastical History,"ight plead τὰ ἀρχαῖα for, and sundry other alterations were likewise made in the same kind, Socrat."
13,ch023,lib. 4,lib,False,False,Eusebius of Caesarea,,"tion of it to be more diffused in the church. This is that of Hegesippus in Eusebius, Eccles. Hist."
13,ch023,lib. 4,lib,True,False,Irenaeus of Lyon,Against Heresies,"Irenaeus of old. Said he, ""Judicabit omnes eos, qui sunt extra veritatem, id est, extra ecclesiam,"""
13,ch023,lib. 1,lib,True,False,,,"ransiero, tu mihi haeres esto, sancta et venerabilis ecclesia catholica urbis Remorum,"" Flodoardus,"
13,ch023,lib. 1,lib,True,False,,,"reatura Dei, in universo mundo unus et idem est, sic et lumen, praedicatio veritatis ubique lucet,"""
13,ch024,lib. 10,lib,False,False,Augustine of Hippo,,"an long ago thought it rather to be a ""setting up against the temple of God,"" Aug. de Civitate Dei,"
13,ch042,lib. 2,lib,True,False,Aristotle,,". Cawdrey is an ancient man, I cannot but wonder he should be so easy of belief. Aristotle, Rhetor."
13,ch045,lib. 5,lib,True,False,Socrates Scholasticus,Ecclesiastical History,"he apostles made any law or rule about outward rites, ceremonies, times, and the like. See Socrat.,"
13,ch048,lib. 2,lib,True,False,,,"of they quickly repented themselves. The reader may see the whole story exactly related in AElian.,"
13,ch054,lib. 1,lib,True,False,,,"postolicos libros verum esse verbum Dei, et certam et stabilem regulam fidei,</span>"" De Verbo Dei,"
13,ch054,Epist. 80,epist,True,False,,,"which is the sum of all that in this matter is contended for. To the same purpose he discourseth,"
13,ch065,lib. 6,lib,True,False,Sozomen,Ecclesiastical History,"ntinianus, by public decree, granted liberty of religion unto all Christians, as Sozomen testifies,"
13,ch065,Ep. 1,ep,False,False,,,"es tantum, sed vicos etiam atque agros superstitionis istius contagio pervagata est.</span>"" [Plin."
14,ch030,lib. 7,lib,True,False,Clement of Alexandria,Stromata (Miscellanies),"of Trajan the emperor. That others of them took the same course, is testified by Clemens, Stromat."
14,ch030,lib. 3,lib,True,False,,,"λούθησε, διαφόρως ἐκδεξαμένων τοὺς ἅμα πᾶσι πιστευθέντας εῖναι ζείους λόγους, τὸ γενέσθαι αἱρέσεις,"
14,ch031,lib. 7,lib,True,False,Aristotle,,"ion soever they were. And Aristotle thought it worth while to remember out of Hesiod, Moral. Nicom."
14,ch031,lib. 9 cap. 26,lib,True,False,Aristotle,,"um upon him with whom you have to do; like the bonassus that Aristotle informs us of Hist. Animal.,"
14,ch032,lib. 6,lib,True,False,,,"he rules of justice to deserve it."" Of the same mind are most of you (see Andrad. Orthodox. Explic."
14,ch032,lib. 1 cap. 9,lib,True,False,,,"e it."" Of the same mind are most of you (see Andrad. Orthodox. Explic. lib. 6, Bagus de Merit. Op.,"
14,ch032,lib. 21,lib,True,False,,,"g=""la"">Toto pectore in Deum revolutus sic ratiocinabatur,</span>"" saith the renowned Thuanus, Hist."
14,ch032,lib. 5,lib,False,False,Robert Bellarmine,,"se, been minded before now of the conclusion made in this matter by your great champion Bellarmine,"
14,ch033,lib. 19,lib,True,False,,,"/span>"" saith Procopius, Hist. Goth. 1:3.  Concerning which action, saith Sigonius de Imper. Occid."
14,ch033,lib. 2 cap. 2,lib,True,False,,,"those of Rome, and your refusal to admit those of that church; the story whereof you have in Beda,"
14,ch034,"lib. 2, cap.

7",lib,False,False,,,"distinction that is of great use for you, and indispensably he-cessary for your defense, De Idol.,"
14,ch034,lib. 28,lib,True,False,Augustine of Hippo,Confessions,"ir demons and heroes So your own learned Vives confesseth of many of you, in August. de Civit. Dei,"
14,ch034,lib. 8,lib,True,False,Clement of Alexandria,Stromata (Miscellanies),":5, — ""the most exact heresy,"" or way of religion, among the Jews. And Clemens Alexandrinus, Strom."
14,ch034,lib. 5 cap. 22-25,lib,True,False,Eusebius of Caesarea,Ecclesiastical History,"ed; and another in Asia, called together for the same purpose by Polycrates, Euseb. Eccleas. Hist.,"
14,ch034,Epist. 27,epist,False,False,Ambrose of Milan,,"in the death or banishment of the persons mentioned; so doth Ambrose declare himself to have done,"
14,ch034,Epist. ad Cornel,epist,True,False,Cyprian of Carthage,Letters,"n had done no less before, in reference unto some actings of Cornelius, the predecessor of Stephen,"
14,ch034,"lib. 4 cap. 2, 3",lib,True,False,,,"he whole church, can in no case err in those things which appertain unto faith,"" De Romans Pontif.,"
14,ch034,lib. 4 cap. 15,lib,True,False,Sozomen,Ecclesiastical History,"nk you of Liberius? did he not subscribe to _Arianism?_ Sozomen tells you expressly that he did so,"
14,ch034,Epist. ad Soli,epist,False,False,Athanasius of Alexandria,,"to _Arianism?_ Sozomen tells you expressly that he did so, lib. 4 cap. 15; and so doth Athanasius,"
14,ch034,lib. 9 cap. 6,lib,True,False,,,"lare sufficiently what is your faith, or rather misbelief, in this matter. Hence Azorius, Institut."
14,ch034,lib. 7,lib,True,False,Gregory of Nazianzus,,". 34. Your adoration of them is expressly condemned by Gregory the Great, in an epistle to Serinus,"
14,ch034,epist. 111,epist,True,False,Gregory of Nazianzus,,"our adoration of them is expressly condemned by Gregory the Great, in an epistle to Serinus, lib. 7"
14,ch034,lib. 9,lib,True,False,Gregory of Nazianzus,,"them is expressly condemned by Gregory the Great, in an epistle to Serinus, lib. 7 epist. 111, and"
14,ch034,epist. 9,epist,True,False,Gregory of Nazianzus,,"s expressly condemned by Gregory the Great, in an epistle to Serinus, lib. 7 epist. 111, and lib. 9"
14,ch036,lib. 1 cap. 4,lib,True,False,Gregory of Nazianzus,,"found in the church of God, I have declared; with that of one Basilius, out of Gregory's Dialogues,"
14,ch037,lib. 3,lib,True,False,,,"e of you, I say, deny the first part of this assertion; so doth Andradius, Defens. Concil. Trident."
14,ch037,lib. 2,lib,True,False,,,"ny religious respect thereunto, to believe the things that are contained in them."" Hence Cochlaeus,"
14,ch037,lib. 1,lib,True,False,,,"Fidei, qu. 1; Vaselius Groningen. De Potestat. Ecclesiastes et Epist. ad Jacob. Hock. Alliacens. in"
14,ch037,lib. 4,lib,True,False,Clement of Alexandria,Stromata (Miscellanies),"onsent of the ancients? Clemens Alexand. Strom. vii., speaks fully to our purpose; as he doth also,"
14,ch037,lib. 3,lib,True,False,,,"ἐξ αὐθεντείας παντοκρατορικῆς, — as we also do; Strom  4. To this purpose speaks Salvianus de Gub.,"
14,ch037,lib. 6 cap. 5,lib,False,False,Augustine of Hippo,,"enable it to give a saving assent unto the truth proposed unto it. Thus Austin, in his Confessions,"
14,ch037,Homil. 33,homil,False,False,John Chrysostom,,"discourse with a passage out of Chrysostom, which fully confirms all that I have asserted; it is in"
14,ch038,lib. 2 cap. 25,lib,False,False,Eusebius of Caesarea,,"many, yet it was taken up upon the credit and report of one or two persons; as Eusebius manifests,"
14,ch038,lib. i,lib,False,False,Eusebius of Caesarea,,"which is evidently false, and easily disproved. This computation is ascribed to Eusebius in Chron."
14,ch038,lib. 3 cap. 1,lib,False,False,Eusebius of Caesarea,,"a, Asia, and Bithynia, which certainly are not provinces of Europe; in which places Eusebius, Hist."
14,ch042,lib. 4,lib,False,False,Gregory of Nazianzus,,"lso to the writings of Gregory himself: for your better information you may do well to consult him,"
14,ch042,"epist. 32, 36, 38",epist,False,False,Gregory of Nazianzus,,"the writings of Gregory himself: for your better information you may do well to consult him, lib. 4"
14,ch043,lib. 1 cap. 4,lib,True,False,,,"n your ""Fiat"" and ""Epistola."" Pighius, another champion of your church (Ecclesiastical Hierarchies,"
14,ch043,lib. 3,lib,True,False,,,"lieve the information to be true, because the saying is defended by Hosius, De Authoritat. Script.,"
14,ch043,lib. 2,lib,True,False,,,"us."" Such cordial respect do you bear unto it! And the fore-mentioned Andradius, Defens. Con. Trid."
14,ch046,Epist. 42,epist,True,False,Bernard of Clairvaux,Letters,"e subject.'""  The very same instances are given by Theodoret, Oecumenius, and Theophylact. Bernard,"
14,ch046,lib. 1 cap. 28,lib,True,False,Socrates Scholasticus,Ecclesiastical History,"first Christian magistrate invested with supreme authority, both in the case of Athanasius, Socrat."
14,ch046,lib. 10 cap. 5,lib,True,False,Eusebius of Caesarea,Ecclesiastical History,"f Athanasius, Socrat. lib. 1 cap. 28, and cap. 34, Athan. Apol. 2, as also of the Donatists, Euseb."
14,ch046,"Epist. 162, 166",epist,True,False,Augustine of Hippo,Letters,"b. 1 cap. 28, and cap. 34, Athan. Apol. 2, as also of the Donatists, Euseb. lib. 10 cap. 5, August."
14,ch046,lib. 3 cap. 17,lib,True,False,Augustine of Hippo,Letters,". 2, as also of the Donatists, Euseb. lib. 10 cap. 5, August. Epist. 162, 166, and Advers.  Crescon"
14,ch046,lib. 5,lib,False,False,Robert Bellarmine,,"and constitution, hath an absolute supreme dominion over the whole world. This opinion, Bellarmine,"
14,ch046,lib. 1 cap. 9,lib,True,False,,,"ir Decretals, knows that you give both swords to the pope, and that over and over; whence Carerius,"
14,ch046,lib. 1 cap. 28,lib,True,False,,,"as to be judged by them without their leave, if they transgress, or to pay any tribute, De Cleric."
14,ch047,lib. 1 cap. 4,lib,True,False,,,"rters of this story agree not in the time wherein the matter mentioned in it should fall out. Beda,"
14,ch047,lib. 3,lib,True,False,,,"I had good ground for what I said. And what if I had minded you of the words of Salvian, De Provid."
14,ch047,lib. 2 cap. 2,lib,True,False,,,", and would not give place unto its authority in things of very small weight and amount. Bed. Hist."
14,ch047,lib. 8,lib,True,False,Gregory of Nazianzus,,", though with less success. See Sigibert Chron. anno 1046; Platina, Vit.  Greg. VI.; Sigon. de Reg."
14,ch049,lib. 1 cap. 2,lib,True,False,Robert Bellarmine,,"rmine, ""that the sensible thing to be offered unto God be changed and plainly destroyed,"" De Miss.,"
14,ch049,lib. 10 cap. 19,lib,True,False,,,"rein the essence of it doth consist. Some of your discrepant opinions are given us by your Azorius,"
14,ch051,lib. 1,lib,True,False,Theodoret of Cyrrhus,Ecclesiastical History,"ntroduced the use of images into their worship, with the adoration of them. Theodoret. Haeret. sub."
14,ch051,lib. 1 cap. 23,lib,True,False,Irenaeus of Lyon,Against Heresies,"Simon Magus gave his own image and that of Selene to be worshipped by his followers. And Irenaeus,"
14,ch051,lib. 1,lib,False,False,Epiphanius of Salamis,,"id was made originally by Pontius Pilate; and this they adored. And so doth Epiphanius also, tom. 2"
14,ch051,Haer. 27,haer,False,False,Epiphanius of Salamis,,"ade originally by Pontius Pilate; and this they adored. And so doth Epiphanius also, tom. 2 lib. 1,"
14,ch051,lib. 6,lib,True,False,Clement of Alexandria,Stromata (Miscellanies),"he charge of the Pagans against them for professing an imageless religion. Clemens Alexand., Strom."
14,ch051,lib. 2,lib,False,False,Constantine I,,"udgment of the Eliberine council I have before told you. Lactantius, in his Institut. ad Constant.,"
14,ch051,lib. 9 cap. 6,lib,True,False,Constantine I,,"doctrine of your church, 3 p. q. 25, ae. 3, which Azorius says is the constant judgment of divines,"
14,ch051,lib. 7 cap. 18,lib,False,False,Eusebius of Caesarea,,"cies and assistances, the first beginning of their use arising from heathens, as Eusebius declares,"
14,ch051,Epist. 33,epist,True,False,Seneca,,"t is known that Numa Pompilius, the Roman Solon, admitted not the use of them. Seneca decries them,"
15,ch004,lib. 4,lib,False,False,,,"eeks, to keep the holy days, confession once a year, and to communicate at Easter, De Rom. Pontif.,"
15,ch005,lib. 4 cap. 16,lib,True,False,Robert Bellarmine,On the Roman Pontiff,"e interdiction of the use of any other prayers in those administrations. Bellarmine, De Pont. Rom.,"
15,ch006,lib. 3,lib,False,False,,,"had recited to keep out and prevent such differences about their religion as were then fallen out,"
15,ch006,lib. 7,lib,True,False,Gregory of Nazianzus,,"y late fraud and invention. Yea, we have testimonies clear enough against this pretense in Gregor.,"
15,ch006,epist. 63,epist,True,False,Gregory of Nazianzus,,"raud and invention. Yea, we have testimonies clear enough against this pretense in Gregor., lib. 7."
15,ch007,Serm. 7,serm,True,False,Leo the Great,Sermons,"o expressly worshipped the rising sum: of which abominable idolatry among Christians Leo complains,"
15,ch007,Homil. 11,homil,True,False,Origen of Alexandria,,"se of the third century, intimating the use of some particular prayers in some churches. So Origen,"
15,ch011,lib. 5 cap. 21,lib,True,False,Socrates Scholasticus,Ecclesiastical History,"they were from falling into any other is notorious from that discourse of Socrates on this matter,"
15,ch018,lib. 4,lib,True,False,,,"acy is given so distinctly by Pietro Soave, [f5] the author of the History of the Council of Trent,"
15,ch023,lib. 3 cap. 29,lib,False,False,Eusebius of Caesarea,,"Hegesippus in Eusebius, who confines the virgin purity of the church unto the days of the apostles,"
15,ch023,lib. 4 cap. 15,lib,False,False,Eusebius of Caesarea,,"e before, because the faithful strove among themselves who should soonest touch his body,"" Eusebius"
15,ch023,lib. 4 cap. 22,lib,False,False,Eusebius of Caesarea,,"rusalem, made by Thebuthis, because Simon Cleophas was chosen bishop, and he was refused, Eusebius,"
15,ch023,lib. 3,lib,False,False,Eusebius of Caesarea,,"gently collected from old men (it may be almost delirant), as Eusebius gives an instance in Papias,"
15,ch023,lib. 4 cap. 26,lib,False,False,Eusebius of Caesarea,,"when Servilius Paulus was proconsul, there being then a great stir about it at Laodicea, Eusebius,"
15,ch023,lib. 7 cap. 19,lib,True,False,,,"re were many others in cities and villages which they did in a different manner adhere unto, Hist.,"
15,ch023,lib. 5 cap. 23,lib,False,False,Eusebius of Caesarea,,"ff all the Asian churches from communion, declaring them and their members excommunicate, Eusebius,"
15,ch023,lib. 5 cap. 23,lib,False,False,Eusebius of Caesarea,,"I shall observe some few things out of the fragment of his epistle, as it is recorded by Eusebius,"
15,ch028,lib. 3 cap. 3,lib,False,False,,,"qui Corinthi erant fratres facta, scripsit quae est Romae ecclesia, potentissimas literas,</span>"""
15,ch028,lib. 3 cap. 16,lib,True,False,,,"""great and admirable;"" who also affirms that it was publicly read in some churches, Eccles. Hist.,"
15,ch028,lib. 5 cap. 7,lib,True,False,,,"ccles. Hist., lib. 3 cap. 16. And again he calls it ἱκανωτάτην γραφήν, — a ""most powerful writing,"""
15,ch028,lib. 4 cap. 23,lib,False,False,Eusebius of Caesarea,,"tractions, as that it seems he would have them no more esteemed as his, Eusebius Ecclesiast. Hist.,"
15,ch028,lib. 8,lib,False,False,Origen of Alexandria,,"at is, as Origen expounds the phrase often used by himself, Κατὰ τὴν παροῦσαν καὶ δοθεῖσαν δύναμιν,"
15,ch028,lib. 5 cap. 1,lib,False,False,Eusebius of Caesarea,,"e and Lyons in France, unto the brethren in Asia and Phrygia, recorded at large by Eusebius, Hist.,"
15,ch028,lib. 8,lib,True,False,,,"them according to the prescriptions"" (or commands) ""and rules given by God himself,"" Adver.  Cels.,"
15,ch029,lib. 5 cap. 14,lib,True,False,,,"his pretences and condemn his errors; whereby the churches in Phrygia were preserved, Hist. Eccl.,"
15,ch029,"lib. 7 cap. 27, 28, 29",lib,True,False,,,"osatenus at Antioch, whereby that church was delivered from the infection of his pernicious heresy,"
15,ch029,Haer. 38,haer,False,False,Epiphanius of Salamis,,"τούτων ἁπάντων ὁ δὲ τὰ πρῶτα ἠρεῖτο ἐπὶ τοῦ πρεσβυτερίου ἀγόμενος, Epiphanius, Haeres. cont. Noet.,"
15,ch029,lib. 4 cap. 22,lib,True,False,Eusebius of Caesarea,Ecclesiastical History,"their business to invent and propagate pernicious heresies. So did Thebuthis at Jerusalem, Euseb.,"
15,ch029,lib. 6 cap. 43,lib,True,False,Eusebius of Caesarea,Ecclesiastical History,"Haeres.  42. Montanus fell into his dotage on the same account; so did Novatianus at Rome, Euseb.,"
15,ch029,lib. 4 cap. 30,lib,True,False,Lactantius,Divine Institutes,"Rome, Euseb., lib. 6 cap. 43, and Arius at Alexandria. Hence is that censure of them by Lactantius,"
15,ch029,Epist. 113,epist,False,False,Theodoret of Cyrrhus,,"Theodoret, bishop of Cyprus, affirms that there were eight hundred churches committed to his care,"
15,ch029,lib. 6 cap. 20,lib,True,False,Sozomen,Ecclesiastical History,"one bishop, whose residence was at Tomis, all other churches being under him; as Sozomen declares,"
15,ch031,Epist. 113,epist,False,False,Theodoret of Cyrrhus,,"Theodoret, bishop of Cyprus, affirms that there were eight hundred churches committed to his care,"
15,ch031,lib. 6 cap. 20,lib,True,False,Sozomen,Ecclesiastical History,"one bishop, whose residence was at Tomis, all other churches being under him; as Sozomen declares,"
15,ch034,lib. 6 cap. 33,lib,True,False,Eusebius of Caesarea,Ecclesiastical History,"nless he first confessed his sins, and joined amongst other penitents before his admission, Euseb.,"
15,ch034,"lib. 3 cap.

12",lib,False,False,Clement of Alexandria,,"whereof was required of them who were admitted unto baptism when they were adult. See Clem. Pedag.,"
15,ch034,lib. 2,lib,True,False,Tertullian,,"he may find it in Clem. Epist. ad Cor. pp. 2-4; Justin Mart. Apol. 2; Tertullian in his Algol, and"
15,ch034,Epist. 2,epist,True,False,Cyprian of Carthage,Letters,"Justin Mart. Apol. 2; Tertullian in his Algol, and lib. 2 ad Uxor. et de cultu foeminarum; Cyprian,"
15,ch034,"lib. 9, cap. 8",lib,True,False,Eusebius of Caesarea,Ecclesiastical History,"ian in his Algol, and lib. 2 ad Uxor. et de cultu foeminarum; Cyprian, Epist. 2 et 12; Euseb. Hist."
15,ch034,Epist. ad Soli,epist,True,False,Athanasius of Alexandria,Letters,". 2 ad Uxor. et de cultu foeminarum; Cyprian, Epist. 2 et 12; Euseb. Hist. lib. 9, cap. 8; Athanas."
15,ch034,"lib. 3 t. 2, sect. 24",lib,False,False,Epiphanius of Salamis,,"narum; Cyprian, Epist. 2 et 12; Euseb. Hist. lib. 9, cap. 8; Athanas. Epist. ad Solit., et Epiphan."
15,ch035,lib. 5 cap. 21-23,lib,False,False,Eusebius of Caesarea,,"in the following ages, it had perished without imitation. The account hereof is given in Eusebius,"
15,ch035,lib. 5 cap. 21,lib,True,False,Socrates Scholasticus,Ecclesiastical History,"kept under any diversity in voluntary observations. And the discourse of Socrates on this occasion,"
15,ch037,lib. 4 cap. 1,lib,True,False,John Calvin,Institutes of the Christian Religion,"ned thereby.  The first testimony produced is that of Calvin. A large discourse he hath, Institut.,"
15,ch037,lib. 6 cap. 43,lib,True,False,Eusebius of Caesarea,Ecclesiastical History,"lent heresy; and as such was it condemned in a considerable council at Rome with Cornelius, Euseb.,"
15,ch037,Epist. 51,epist,True,False,Cyprian of Carthage,Letters,"cruel"" or inhuman, and ""contrary to brotherly love."" As such it is strenuously confuted by Cyprian,"
15,ch037,Epist. 71,epist,True,False,Cyprian of Carthage,Letters,"ized in the orthodox churches, they denying unto them the means of salvation, Cyprian ad Jubaianum,"
15,ch037,lib. 7 cap. 8,lib,True,False,Eusebius of Caesarea,Ecclesiastical History,"x churches, they denying unto them the means of salvation, Cyprian ad Jubaianum, Epist. 71, Euseb.,"
15,ch037,lib. 7 cap. 8,lib,True,False,Eusebius of Caesarea,Ecclesiastical History,"ost profane doctrine, reflecting unmerciful cruelty on our most gracious Lord Jesus Christ,"" Euseb."
15,ch037,Epist. 51,epist,True,False,,,"de Dei et Christi ejus judicio, de clericorum poene omnium testimonio, de plebis suffragio,"" etc.,"
15,ch037,lib. 1 cap. 7,lib,True,False,Socrates Scholasticus,Ecclesiastical History,"ying only, ""O Acesius, set up a ladder, and climb alone by thyself into heaven,"" left him, Socrat.,"
15,ch037,lib. 3 cap. 6,lib,True,False,,,"ad sacrificed to idols; and was for that reason deposed from his episcopacy by Peter of Alexandria,"
15,ch037,lib. 1 cap. 8,lib,True,False,,,"with intolerable arrogance, because he was convicted of sundry wickednesses by Peter, Theod. Hist.,"
15,ch037,lib. 4 cap. 10,lib,False,False,,,"s was the cause why he was cast out of the church, and set up a party of the same opinion with him,"
15,ch037,lib. 2 cap. 3,lib,True,False,Socrates Scholasticus,Ecclesiastical History,"ied before their ordination, getting away servants from their masters, and the like, Socrat. Hist.,"
15,ch037,lib. 4 cap. 62,lib,False,False,,,"swallowing a camel; for there can be no rebuke of things by them, to equal the mischief of schism,"""
15,ch038,lib. 7 cap. 22,lib,True,False,Eusebius of Caesarea,Ecclesiastical History,"ν δεσμωτήριον — ""A field, a desert, a ship, an inn, a prison, were places of our meetings,"" Euseb.,"
15,ch038,"lib. 4 cap.

15",lib,True,False,Eusebius of Caesarea,Ecclesiastical History,"multitude of the other inhabitants, so as that it was scarcely known who or what they were, Euseb."
15,ch038,lib. 5 cap. 1,lib,True,False,Eusebius of Caesarea,Ecclesiastical History,"s of the places where they were, who could scarce discover them by the most diligent search, Euseb."
16,ch004,lib. 3 cap. 2,lib,False,False,,,"rnal virtue or grace is required unto the constitution of a church in its members,"" De Ecclesiastes"
16,ch004,lib. 3 cap. 2,lib,False,False,Robert Bellarmine,,"of men as the former. Other contest we have with none in this matter.  Bellarmine, De Ecclesiastes"
16,ch007,lib. 3 cap. 49,lib,False,False,,,"co,  7. And when there was a division in choice, it was determined by the greater suffrage: Thucyd."
16,ch007,lib. 1 cap. 1,lib,False,False,,,"ium hujus majestatis, non ambitio popularis, sed spectata inter bonos moderatio provehebat,"" Just.,"
16,ch007,Epist. ad Phil,epist,False,False,Clement of Alexandria,,"ed in this very place by Clemens, from what is assigned unto the apostles in ordination.  IGNATIUS,"
16,ch007,Epist. 67,epist,True,False,Cyprian of Carthage,Letters,"rule.  The testimony given by CYPRIAN in sundry places unto this right of the people, especially in"
16,ch008,Orat. 52,orat,False,False,,,"depart or be cast out, rather than they should not have peace among them; which he did accordingly,"
16,ch010,"lib. 2, cap. 28",lib,False,False,,,"3. The use of the word in other authors is concurrent with that of it in the Scripture: Herodian,"
16,ch014,"lib. 6, cap. 1",lib,False,False,Robert Bellarmine,,"mere human invention; so Bellarmine affirms Pighius to have done in his book De Coelest, Hierarch."
16,ch014,"lib. 1, cap. 3",lib,False,False,,,"are gathered together in my name, there I will be in the midst of them,"" Matthew 18:20, De Concil."
16,ch032,"lib. 2, cap. 22, sect. 4",lib,True,False,Irenaeus of Lyon,Against Heresies,"IN IRENAEUS AGAINST** **THE EXCEPTIONS OF MR TOMBS.** The passages are these: — Adversus Haereses,"
16,ch032,Lib. 1: cap. 18,lib,False,False,,,"rtuis, ipse primatum tenens in omnibus, princeps vitae, prior omnium, et praecedens omnes.</span>"""
16,ch032,"lib. 1, cap. 18",lib,True,False,Irenaeus of Lyon,Against Heresies,"n this place, unless it were proved it is so only meant by him and the ancients. Nor doth Irenaeus,"
16,ch039,"lib. 6, cap. 10",lib,False,False,,,nvention of Cappellus greatly applauded amongst the men of these opinions. He tells us (Crit. Sacr.
16,ch052,"lib. 7, cap. 24",lib,False,False,,,"re preserved in the temple at its last destruction, Josephus gives us a full account, De Bell. Jud."
16,ch052,"lib. 1, cap. 3",lib,False,False,,,"llocata erat, ut ad cam Hebraea caeteraeque editiones exigerentur et emendarentur,</span>"" Exercit."
16,ch052,lib. 1,lib,False,False,,,"places enumerated discover any such correction. They are all in particular considered by Glassius,"
16,ch052,tract. 1,tract,False,False,,,"enumerated discover any such correction. They are all in particular considered by Glassius, lib. 1,"
16,ch052,lib. 1,lib,False,False,,,"uxtorfius in his letters to Glassius, printed by him, and repeated again by Amama, Anti. Barb. Bib."
16,ch052,lib. 1,lib,False,False,,,"aeis adscribit, nullam scilicet unquam literam mutatam fuisse in lege ab Hebraeis popularibus suis,"
16,ch052,lib. 2,lib,False,False,,,"corruption of the Jews; at least, כָּאֲרוּ was the Keri, and was left out by them. Johannes Isaac,"
16,ch052,lib. 3 cap. 13,lib,False,False,,,"copies of that translation, never being generally received, as is manifested by Fuller, Miscellan."
16,ch053,"tract. 1, li",tract,False,False,,,"unto us. Those which are of importance have been already considered by others, especially Glassius,"
16,ch055,"lib. 2, cap. 2",lib,False,False,,,"e instance in c, r, s, in Latin.  Junius, in the close of his animadversions on Bell. De Verbo Dei,"
16,ch055,"lib. 2, cap. 2",lib,False,False,Robert Bellarmine,,"intains that there are errors crept into the original by this addition of the points: De Verb. Dei,"
16,ch055,lib. 1,lib,False,False,,,"ven of God on purpose that men might subject their consciences to their infallible church, Exercit."
16,ch055,lib. 69,lib,False,False,,,"d to destroy the Christian, is evident. For the first, it is expressed by Die Cassius: Hist. Romans"
16,ch055,lib. 1 cap. 7,lib,False,False,,,"and Stada, in the Talmud, the blessed Messiah is intended. So did Galatinus, Arcan. Relig.  Cathol."
16,ch055,lib. 1,lib,False,False,,,"Messiah is intended. So did Galatinus, Arcan. Relig.  Cathol. lib. 1 cap. 7; and Reuchlinnus Cabal"
16,ch055,lib. 15 cap. 44,lib,False,False,,,"stus, Tiberio imperitante, per Procuratorem Pontium Pilatum supplicio affectus erat,"" Tacit. Annal."
16,ch055,lib. 1,lib,False,False,,,"manner, ""de lana caprina"" So that, for my part, I am not much removed from the opinion of Hulsius ("
16,ch055,lib. 1,lib,False,False,,,"tian faith than any ancient translations of those places whatever. Johannes Isaac, a converted Jew,"
16,ch056,lib. 11 cap. 8,lib,False,False,,,"their abominations after the closing of the canon of the Scripture is reported by Josephus, Antiq."
16,ch056,lib. 13 cap. 10,lib,False,False,,,"e Maccabees they were conquered by Hyrcanus, and brought into subjection by the Jews, Joseph Antiq."
16,ch056,lib. Im,lib,False,False,,,"ce on their teachers, seeing they cannot learn the mind of God but by their exposition, R. Azarias,"
16,ch056,lib. 1,lib,False,False,,,"her until what he hath discoursed to this purpose be removed. See par. 1 cap. 6. See also Glassius,"
16,ch056,tract. 1,tract,False,False,,,"il what he hath discoursed to this purpose be removed. See par. 1 cap. 6. See also Glassius, lib. 1"
16,ch056,Epist. 126,epist,False,False,,,"ds, or he doth positively affirm that the Hebrew had the use of vowels, in his Epistle to Evagrius,"
16,ch058,lib. 6 cap. 9,lib,False,False,,,"nce we have the rest is unknown. Take to this purpose the ensuing chapter out of Drusius, Observat."
16,ch058,lib. 2,lib,False,False,,,"e LXX. to be still extant, yet it is so corrupt and vitiated that it plainly appears to be another,"
